{"entities":{"pages":{"Learn-Sorting-ALgorithms":{"id":"Learn-Sorting-ALgorithms","title":"Learn Sorting Algorithm","url":"learn-sorting-algorithms.html","level":0,"tabIndex":0},"Selection-Sort":{"id":"Selection-Sort","title":"Selection Sort","url":"selection-sort.html","level":0,"pages":["ImplementationSelectionSort","WhySelectionSortIsNotstable","Advantages-vs-Disvantages","WhenAreYouNeedToUseIt","ComparationSelectionSort","SelectionSortVariations","ExercisesSelectionSort","ConclusionSelectionSort"],"tabIndex":1},"ImplementationSelectionSort":{"id":"ImplementationSelectionSort","title":"Implementação","url":"implementationselectionsort.html","level":1,"parentId":"Selection-Sort","tabIndex":0},"WhySelectionSortIsNotstable":{"id":"WhySelectionSortIsNotstable","title":"Por que o Selection Sort NÃO é Estável?","url":"whyselectionsortisnotstable.html","level":1,"parentId":"Selection-Sort","tabIndex":1},"Advantages-vs-Disvantages":{"id":"Advantages-vs-Disvantages","title":"Vantagens vs. Disvantagens","url":"advantages-vs-disvantages.html","level":1,"parentId":"Selection-Sort","tabIndex":2},"WhenAreYouNeedToUseIt":{"id":"WhenAreYouNeedToUseIt","title":"Quando Usar?","url":"whenareyouneedtouseit.html","level":1,"parentId":"Selection-Sort","tabIndex":3},"ComparationSelectionSort":{"id":"ComparationSelectionSort","title":"Comparação com Outros Algoritmos","url":"comparationselectionsort.html","level":1,"parentId":"Selection-Sort","tabIndex":4},"SelectionSortVariations":{"id":"SelectionSortVariations","title":"Variações do Selection Sort","url":"selectionsortvariations.html","level":1,"parentId":"Selection-Sort","tabIndex":5},"ExercisesSelectionSort":{"id":"ExercisesSelectionSort","title":"Exercícios Práticos","url":"exercisesselectionsort.html","level":1,"parentId":"Selection-Sort","tabIndex":6},"ConclusionSelectionSort":{"id":"ConclusionSelectionSort","title":"Conclusão","url":"conclusionselectionsort.html","level":1,"parentId":"Selection-Sort","tabIndex":7},"Bubble-Sort":{"id":"Bubble-Sort","title":"Bubble Sort","url":"bubble-sort.html","level":0,"tabIndex":2}}},"topLevelIds":["Learn-Sorting-ALgorithms","Selection-Sort","Bubble-Sort"]}