{"entities":{"pages":{"Learn-Sorting-ALgorithms":{"id":"Learn-Sorting-ALgorithms","title":"Learn Sorting Algorithm","url":"learn-sorting-algorithms.html","level":0,"tabIndex":0},"Selection-Sort":{"id":"Selection-Sort","title":"Selection Sort","url":"selection-sort.html","level":0,"pages":["ImplementationSelectionSort","WhySelectionSortIsNotstable","Advantages-vs-Disvantages","WhenAreYouNeedToUseIt","ComparationSelectionSort","SelectionSortVariations","ExercisesSelectionSort","ConclusionSelectionSort"],"tabIndex":1},"ImplementationSelectionSort":{"id":"ImplementationSelectionSort","title":"Implementação","url":"implementationselectionsort.html","level":1,"parentId":"Selection-Sort","tabIndex":0},"WhySelectionSortIsNotstable":{"id":"WhySelectionSortIsNotstable","title":"Por que o Selection Sort NÃO é Estável?","url":"whyselectionsortisnotstable.html","level":1,"parentId":"Selection-Sort","tabIndex":1},"Advantages-vs-Disvantages":{"id":"Advantages-vs-Disvantages","title":"Vantagens vs. Disvantagens","url":"advantages-vs-disvantages.html","level":1,"parentId":"Selection-Sort","tabIndex":2},"WhenAreYouNeedToUseIt":{"id":"WhenAreYouNeedToUseIt","title":"Quando Usar?","url":"whenareyouneedtouseit.html","level":1,"parentId":"Selection-Sort","tabIndex":3},"ComparationSelectionSort":{"id":"ComparationSelectionSort","title":"Comparação com Outros Algoritmos","url":"comparationselectionsort.html","level":1,"parentId":"Selection-Sort","tabIndex":4},"SelectionSortVariations":{"id":"SelectionSortVariations","title":"Variações do Selection Sort","url":"selectionsortvariations.html","level":1,"parentId":"Selection-Sort","tabIndex":5},"ExercisesSelectionSort":{"id":"ExercisesSelectionSort","title":"Exercícios Práticos","url":"exercisesselectionsort.html","level":1,"parentId":"Selection-Sort","tabIndex":6},"ConclusionSelectionSort":{"id":"ConclusionSelectionSort","title":"Conclusão","url":"conclusionselectionsort.html","level":1,"parentId":"Selection-Sort","tabIndex":7},"Bubble-Sort":{"id":"Bubble-Sort","title":"Bubble Sort","url":"bubble-sort.html","level":0,"pages":["ImplementationBubbleSort","WhyBubbleSortIsStable","BubbleSortAdvantages-vs-Disvantages","WhenToUseBubbleSort","ComparationBubbleSort","BubbleSortVariations","ExercisesBubbleSort","ConclusionBubbleSort"],"tabIndex":2},"ImplementationBubbleSort":{"id":"ImplementationBubbleSort","title":"Implementação","url":"implementationbubblesort.html","level":1,"parentId":"Bubble-Sort","tabIndex":0},"WhyBubbleSortIsStable":{"id":"WhyBubbleSortIsStable","title":"Por que o Bubble Sort É Estável?","url":"whybubblesortisstable.html","level":1,"parentId":"Bubble-Sort","tabIndex":1},"BubbleSortAdvantages-vs-Disvantages":{"id":"BubbleSortAdvantages-vs-Disvantages","title":"Vantagens vs. Disvantagens","url":"bubblesortadvantages-vs-disvantages.html","level":1,"parentId":"Bubble-Sort","tabIndex":2},"WhenToUseBubbleSort":{"id":"WhenToUseBubbleSort","title":"Quando Usar?","url":"whentousebubblesort.html","level":1,"parentId":"Bubble-Sort","tabIndex":3},"ComparationBubbleSort":{"id":"ComparationBubbleSort","title":"Comparação com Outros Algoritmos","url":"comparationbubblesort.html","level":1,"parentId":"Bubble-Sort","tabIndex":4},"BubbleSortVariations":{"id":"BubbleSortVariations","title":"Variações do Bubble Sort","url":"bubblesortvariations.html","level":1,"parentId":"Bubble-Sort","tabIndex":5},"ExercisesBubbleSort":{"id":"ExercisesBubbleSort","title":"Exercícios Práticos","url":"exercisesbubblesort.html","level":1,"parentId":"Bubble-Sort","tabIndex":6},"ConclusionBubbleSort":{"id":"ConclusionBubbleSort","title":"Conclusão","url":"conclusionbubblesort.html","level":1,"parentId":"Bubble-Sort","tabIndex":7}}},"topLevelIds":["Learn-Sorting-ALgorithms","Selection-Sort","Bubble-Sort"]}